id;nume;prenume;titlu;email;birou
1;Industrial;connect Markets Chief;capacitor archive;Cleve96@yahoo.com;32533
2;scale interactive generating;Specialist Home Loan Account;Plastic;Casper98@hotmail.com;42340
3;reinvent 24 hour Jewelery;monitor;1080p Checking Account Identity;Betty_Volkman62@yahoo.com;44945
4;Ergonomic;moratorium moratorium;New York tangible Mississippi;Blake_Witting76@yahoo.com;72172
5;Robust Networked;Poland;Small partnerships;Alexandrea.Tremblay@gmail.com;31435
6;Buckinghamshire Corporate;Investment Account;override User-centric;Lavinia.Green88@gmail.com;92969
7;virtual deposit;Squares mint green e-business;Ghana back-end National;Sven22@gmail.com;64769
8;Jewelery cutting-edge;Games;Iraq Bedfordshire;Blanca.Gleichner@hotmail.com;94290
9;conglomeration;Oklahoma facilitate;Engineer;Delia.Fritsch71@hotmail.com;30087
10;zero tolerance;mission-critical;Berkshire Small Plastic Pants Investor;Marilyne.Considine@gmail.com;44778
